Day,Start_Hour,End_Hour,N_Jobs,Model_Type,KDE_Bandwidth,P_30_Snap,Timestamp
Maandag,0,5,262,Hybrid_KDE,0.2,0.363,2026-08-05 01:10:29
Maandag,6,6,401,Hybrid_KDE,0.2,0.561,2026-08-05 01:11:01
Maandag,7,7,336,Hybrid_KDE,0.2,0.929,2026-08-05 01:11:34
Maandag,8,8,637,Hybrid_KDE,0.25,0.917,2026-08-05 01:12:45
Maandag,9,9,607,Hybrid_KDE,0.25,0.891,2026-08-05 01:12:57
Maandag,10,10,389,Hybrid_KDE,0.25,0.889,2026-08-05 01:13:07
Maandag,11,11,279,Hybrid_KDE,0.25,0.943,2026-08-05 01:13:26
Maandag,12,12,468,Hybrid_KDE,0.25,0.925,2026-08-05 01:13:41
Maandag,13,13,407,Hybrid_KDE,0.25,0.943,2026-08-05 01:13:55
Maandag,14,14,181,Hybrid_KDE,0.25,0.934,2026-08-05 01:14:17
Maandag,15,15,84,Hybrid_KDE,0.25,0.94,2026-08-05 01:14:36
Maandag,16,16,227,Hybrid_KDE,0.15,0.969,2026-08-05 02:40:17
Maandag,17,17,283,Hybrid_KDE,0.15,0.986,2026-08-05 02:40:26
Maandag,18,23,31,Hybrid_KDE,0.15,0.968,2026-08-05 02:41:27
Dinsdag,0,5,226,Hybrid_KDE,0.2,0.363,2026-08-05 02:42:05
Dinsdag,6,6,429,Hybrid_KDE,0.2,0.452,2026-08-05 02:42:22
Dinsdag,7,7,438,Hybrid_KDE,0.2,0.877,2026-08-05 02:42:50
Dinsdag,8,8,830,Hybrid_KDE,0.2,0.93,2026-08-05 02:43:00
Dinsdag,9,9,777,Hybrid_KDE,0.25,0.921,2026-08-05 02:43:33
Dinsdag,10,10,421,Hybrid_KDE,0.2,0.898,2026-08-05 02:43:50
Dinsdag,11,11,338,Hybrid_KDE,0.2,0.911,2026-08-05 02:43:57
Dinsdag,12,12,485,Hybrid_KDE,0.2,0.936,2026-08-05 02:44:06
Dinsdag,13,13,489,Hybrid_KDE,0.2,0.912,2026-08-05 02:44:12
Dinsdag,14,14,204,Hybrid_KDE,0.2,0.936,2026-08-05 02:44:19
Dinsdag,15,15,126,Hybrid_KDE,0.2,0.889,2026-08-05 02:44:32
Dinsdag,16,16,236,Hybrid_KDE,0.15,0.97,2026-08-05 02:44:46
Dinsdag,17,17,267,Hybrid_KDE,0.15,0.993,2026-08-05 02:44:55
Dinsdag,18,18,27,Hybrid_KDE,0.1,1,2026-08-05 02:45:34
Dinsdag,19,23,13,Hybrid_KDE,0.15,0.923,2026-08-05 02:45:52
Woensdag,0,5,213,Hybrid_KDE,0.2,0.399,2026-08-05 02:46:43
Woensdag,6,6,359,Hybrid_KDE,0.2,0.521,2026-08-05 02:46:55
Woensdag,7,7,351,Hybrid_KDE,0.2,0.88,2026-08-05 02:47:01
Woensdag,8,8,797,Hybrid_KDE,0.2,0.92,2026-08-05 02:47:11
Woensdag,9,9,681,Hybrid_KDE,0.2,0.937,2026-08-05 02:47:23
Woensdag,10,10,419,Hybrid_KDE,0.2,0.897,2026-08-05 02:47:35
Woensdag,11,11,251,Hybrid_KDE,0.2,0.924,2026-08-05 02:47:40
Woensdag,12,12,362,Hybrid_KDE,0.2,0.948,2026-08-05 02:47:46
Woensdag,13,13,370,Hybrid_KDE,0.2,0.93,2026-08-05 02:47:53
Woensdag,14,14,211,Hybrid_KDE,0.2,0.929,2026-08-05 02:48:00
Woensdag,15,15,90,Hybrid_KDE,0.2,0.922,2026-08-05 02:48:14
Woensdag,16,16,185,Hybrid_KDE,0.15,0.968,2026-08-05 02:48:29
Woensdag,17,17,313,Hybrid_KDE,0.15,0.987,2026-08-05 02:48:40
Woensdag,18,23,27,Hybrid_KDE,0.2,0.852,2026-08-05 02:48:56
Donderdag,0,5,241,Hybrid_KDE,0.25,0.266,2026-08-05 02:49:57
Donderdag,6,6,445,Hybrid_KDE,0.2,0.384,2026-08-05 02:50:09
Donderdag,7,7,476,Hybrid_KDE,0.2,0.884,2026-08-05 02:50:18
Donderdag,8,8,934,Hybrid_KDE,0.2,0.907,2026-08-05 02:50:35
Donderdag,9,9,871,Hybrid_KDE,0.2,0.928,2026-08-05 02:50:47
Donderdag,10,10,501,Hybrid_KDE,0.2,0.896,2026-08-05 02:50:56
Donderdag,11,11,344,Hybrid_KDE,0.2,0.89,2026-08-05 02:51:20
Donderdag,12,12,458,Hybrid_KDE,0.2,0.928,2026-08-05 02:51:26
Donderdag,13,13,426,Hybrid_KDE,0.2,0.941,2026-08-05 02:51:33
Donderdag,14,14,219,Hybrid_KDE,0.2,0.913,2026-08-05 02:51:38
Donderdag,15,15,108,Hybrid_KDE,0.2,0.972,2026-08-05 02:51:45
Donderdag,16,16,233,Hybrid_KDE,0.15,0.987,2026-08-05 02:51:55
Donderdag,17,17,275,Hybrid_KDE,0.15,1,2026-08-05 02:52:01
Donderdag,18,18,28,Hybrid_KDE,0.15,1,2026-08-05 02:52:10
Donderdag,19,23,17,Hybrid_KDE,0.15,0.882,2026-08-05 02:52:28
Vrijdag,0,5,234,Hybrid_KDE,0.2,0.556,2026-08-05 02:53:24
Vrijdag,6,6,327,Hybrid_KDE,0.15,0.578,2026-08-05 02:53:39
Vrijdag,7,7,261,Hybrid_KDE,0.2,0.92,2026-08-05 02:53:48
Vrijdag,8,8,620,Hybrid_KDE,0.25,0.956,2026-08-05 02:54:17
Vrijdag,9,9,566,Hybrid_KDE,0.25,0.947,2026-08-05 02:54:23
Vrijdag,10,10,315,Hybrid_KDE,0.2,0.937,2026-08-05 02:54:42
Vrijdag,11,11,227,Hybrid_KDE,0.2,0.894,2026-08-05 02:54:48
Vrijdag,12,12,248,Hybrid_KDE,0.2,0.952,2026-08-05 02:54:54
Vrijdag,13,13,257,Hybrid_KDE,0.2,0.93,2026-08-05 02:55:02
Vrijdag,14,14,146,Hybrid_KDE,0.2,0.952,2026-08-05 02:55:14
Vrijdag,15,15,50,Hybrid_KDE,0.15,0.94,2026-08-05 02:55:33
Vrijdag,16,16,184,Hybrid_KDE,0.15,0.984,2026-08-05 02:55:39
Vrijdag,17,17,285,Hybrid_KDE,0.15,0.979,2026-08-05 02:55:44
Vrijdag,18,18,13,Hybrid_KDE,0.15,1,2026-08-05 02:55:49
Vrijdag,19,23,20,Hybrid_KDE,0.15,1,2026-08-05 02:55:58
